Country Name,Year 2010,Year 2011,Year 2012,Year 2013,Year 2014,Year 2015,Year 2016,Year 2017,Year 2018,Year 2019,Year 2020,Year 2021
Aruba,75.4,75.46,75.53,75.64,75.6,75.68,75.62,75.9,76.07,76.25,75.72,74.63
Africa Eastern and Southern,58.41,59.29,60.05,60.71,61.34,61.86,62.44,62.92,63.37,63.76,63.31,62.45
Afghanistan,60.85,61.42,61.92,62.42,62.54,62.66,63.14,63.02,63.08,63.56,62.58,61.98
Africa Western and Central,54.55,55.01,55.34,55.67,55.92,56.2,56.58,56.89,57.19,57.56,57.23,56.99
Angola,56.73,57.6,58.62,59.31,60.04,60.66,61.09,61.68,62.14,62.45,62.26,61.64
Albania,77.94,78.09,78.06,78.12,78.41,78.64,78.86,79.05,79.18,79.28,76.99,76.46
Andorra,0.0,0.0,0.0,0.0,0.0,0.0,0.0,0.0,0.0,0.0,0.0,0.0
Arab World,70.04,70.26,70.18,70.2,70.49,70.76,70.94,71.43,71.63,71.84,70.92,70.81
United Arab Emirates,78.33,78.52,78.72,78.85,79.04,79.22,79.33,79.5,79.63,79.73,78.95,78.71
Argentina,75.72,76.12,76.47,76.49,76.76,76.76,76.31,76.83,77.0,77.28,75.89,75.39
Armenia,73.16,73.31,73.45,73.68,74.06,74.44,74.66,74.91,75.06,75.44,72.17,72.04
American Samoa,0.0,0.0,0.0,0.0,0.0,0.0,0.0,0.0,0.0,0.0,0.0,0.0
Antigua and Barbuda,76.82,77.1,77.35,77.58,77.86,77.91,78.15,78.27,78.51,78.69,78.84,78.5
Australia,81.7,81.9,82.05,82.15,82.3,82.4,82.45,82.5,82.75,82.9,83.2,83.3
Austria,80.58,80.98,80.94,81.14,81.49,81.19,81.64,81.64,81.69,81.9,81.19,81.24
Azerbaijan,69.53,69.98,70.36,70.88,71.12,71.45,72.0,72.25,72.76,73.1,66.87,69.37
Burundi,57.08,57.77,58.49,59.24,59.87,60.22,60.79,61.55,61.69,62.35,61.57,61.66
Belgium,80.18,80.59,80.39,80.59,81.29,80.99,81.44,81.49,81.6,82.0,80.7,81.89
Benin,58.36,58.46,58.72,58.96,59.12,59.38,59.54,59.86,60.14,60.45,60.09,59.82
Burkina Faso,56.48,57.12,57.62,57.82,58.36,58.84,59.33,59.54,60.05,60.04,59.73,59.27
Bangladesh,68.64,68.81,69.55,69.56,69.99,70.49,71.09,71.79,72.57,72.81,71.97,72.38
Bulgaria,73.51,74.16,74.31,74.86,74.47,74.61,74.81,74.81,74.96,75.11,73.66,71.51
Bahrain,78.75,78.89,79.08,79.25,79.33,79.4,79.56,79.69,79.86,80.02,79.17,78.76
"Bahamas, The",72.73,72.56,72.75,73.02,73.37,73.1,73.54,73.63,73.81,71.2,72.68,71.6
Bosnia and Herzegovina,77.07,77.01,77.19,76.33,75.66,76.18,76.81,76.94,77.09,77.24,76.22,75.3
Belarus,70.4,70.55,71.97,72.47,72.97,73.62,73.83,74.13,74.18,74.23,72.46,72.37
Belize,72.27,72.65,73.24,73.67,73.31,73.19,73.4,73.56,73.7,73.93,72.85,70.47
Bermuda,80.5,81.4,81.27,79.99,79.52,80.92,80.61,82.35,80.82,81.03,81.14,79.28
Bolivia,66.16,66.53,66.7,67.02,67.16,67.32,67.63,67.7,67.75,67.84,64.47,63.63
Brazil,73.18,73.34,73.55,73.92,74.31,74.33,74.44,74.83,75.11,75.34,74.01,72.75
Barbados,75.71,75.92,76.1,76.28,76.48,76.65,76.82,76.94,77.07,77.26,77.39,77.57
Brunei Darussalam,74.85,74.86,74.83,74.8,74.78,74.75,74.73,74.72,74.71,74.75,74.8,74.64
Bhutan,68.43,68.88,69.33,69.71,70.05,70.34,70.6,70.85,71.13,71.39,71.61,71.82
Botswana,60.01,60.53,60.8,62.0,62.61,63.82,65.46,66.75,65.42,65.46,65.65,61.14
Central African Republic,49.26,49.95,50.69,50.9,50.57,52.79,53.46,53.72,54.37,55.02,54.6,53.9
Canada,81.32,81.48,81.66,81.74,81.78,81.82,81.92,81.83,81.84,82.23,81.67,82.6
Central Europe and the Baltics,75.29,75.89,75.99,76.36,76.68,76.57,76.97,76.95,76.98,77.27,76.09,74.93
Switzerland,82.25,82.7,82.7,82.8,83.2,82.9,83.6,83.55,83.75,83.9,83.0,83.85
Channel Islands,81.12,81.73,81.34,81.52,81.88,81.43,81.37,81.33,81.38,81.39,81.26,81.23
Chile,78.5,79.11,79.02,79.34,79.47,79.75,80.08,80.35,80.13,80.33,79.38,78.94
China,75.6,75.9,76.19,76.45,76.72,76.98,77.22,77.25,77.74,77.97,78.08,78.21
Cote d'Ivoire,55.02,55.52,56.16,56.75,57.21,57.76,58.06,58.48,58.85,59.32,59.03,58.6
Cameroon,56.58,57.13,57.79,58.48,58.94,59.66,60.23,60.81,61.18,61.58,60.83,60.33
"Congo, Dem. Rep.",56.42,57.07,57.25,57.76,58.3,58.49,59.07,59.41,59.94,60.28,59.74,59.19
"Congo, Rep.",61.68,61.99,62.32,62.7,62.95,63.23,63.58,63.76,64.05,62.75,63.78,63.52
Colombia,75.03,75.32,75.6,75.83,76.04,76.26,76.47,76.65,76.75,76.75,74.77,72.83
Comoros,61.12,61.5,61.83,62.22,62.52,62.9,63.24,63.62,63.91,64.07,64.17,63.42
Cabo Verde,73.5,74.26,74.48,75.06,75.24,74.62,75.74,76.59,75.73,76.0,74.81,74.05
Costa Rica,78.67,79.35,79.28,79.4,78.77,79.09,79.46,79.38,79.48,79.43,79.28,77.02
Caribbean small states,72.02,72.36,72.64,72.72,72.68,72.61,72.56,72.6,72.58,72.52,72.58,71.0
Cuba,77.66,77.76,77.83,77.87,77.85,77.77,77.64,77.53,77.5,77.61,77.57,73.68
Curacao,0.0,77.47,77.52,77.83,77.98,78.08,77.72,78.02,0.0,0.0,0.0,0.0
Cayman Islands,82.19,0.0,0.0,0.0,0.0,0.0,0.0,0.0,0.0,0.0,0.0,0.0
Cyprus,79.67,80.0,80.11,80.4,80.77,80.97,81.06,81.33,81.38,81.4,81.39,81.2
Czechia,77.42,77.87,78.08,78.18,78.82,78.58,79.03,78.98,79.03,79.23,78.23,77.37
Germany,79.99,80.44,80.54,80.49,81.09,80.64,80.99,80.99,80.89,81.29,81.04,80.9
Djibouti,60.26,60.43,60.85,61.22,61.64,61.96,62.19,62.8,63.04,63.08,62.69,62.3
Dominica,71.55,69.69,70.54,68.9,69.43,68.73,70.13,67.53,73.59,73.56,73.65,72.81
Denmark,79.1,79.8,80.05,80.3,80.7,80.7,80.85,81.1,80.95,81.45,81.6,81.4
Dominican Republic,72.09,72.22,72.51,72.71,72.87,72.95,72.99,73.06,73.23,73.58,72.89,72.61
Algeria,73.81,74.12,74.2,74.61,75.11,75.62,75.73,75.74,76.07,76.47,74.45,76.38
East Asia & Pacific (excluding high income),73.88,74.15,74.4,74.64,74.9,75.12,75.32,75.39,75.8,76.0,75.94,75.54
Early-demographic dividend,67.87,68.29,68.67,69.07,69.49,69.87,70.22,70.54,70.8,71.02,70.03,68.47
East Asia & Pacific,74.73,74.97,75.23,75.48,75.73,75.95,76.14,76.21,76.59,76.8,76.76,76.39
Europe & Central Asia (excluding high income),70.77,71.22,71.65,72.1,72.31,72.59,72.9,73.41,73.61,73.9,72.22,71.43
Europe & Central Asia,75.99,76.46,76.64,76.99,77.3,77.23,77.57,77.78,77.91,78.19,76.96,76.63
Ecuador,75.43,75.74,76.06,76.37,76.62,76.79,76.76,76.97,77.09,77.3,72.15,73.67
"Egypt, Arab Rep.",69.66,69.88,70.08,70.05,70.42,70.48,70.84,71.3,71.37,71.36,70.99,70.22
Euro area,80.75,81.23,81.23,81.51,81.94,81.57,81.96,81.93,82.05,82.33,81.54,81.71
Eritrea,63.79,64.4,64.84,65.07,65.6,66.03,66.29,66.58,67.07,67.3,67.13,66.54
Spain,81.63,82.48,82.43,83.08,83.23,82.83,83.33,83.28,83.43,83.83,82.33,83.18
Estonia,75.43,76.23,76.33,77.14,77.03,77.59,77.64,78.09,78.24,78.65,78.6,76.74
Ethiopia,59.73,60.72,61.54,62.37,62.9,63.65,64.39,64.84,65.41,65.84,65.37,64.97
European Union,79.63,80.14,80.16,80.46,80.87,80.57,80.95,80.93,81.03,81.31,80.45,80.39
Fragile and conflict affected situations,59.31,59.96,60.16,60.46,60.71,61.01,61.29,61.65,61.97,62.27,61.76,61.25
Finland,79.87,80.47,80.63,80.98,81.18,81.48,81.43,81.63,81.73,81.98,81.93,81.93
Fiji,67.33,67.52,67.55,67.43,67.38,66.84,67.24,67.79,67.81,67.89,67.92,67.11
France,81.66,82.11,81.97,82.22,82.72,82.32,82.57,82.58,82.68,82.83,82.18,82.32
Faroe Islands,80.64,80.94,81.19,81.44,81.59,81.79,82.04,82.34,82.6,82.95,83.2,83.5
"Micronesia, Fed. Sts.",71.23,71.32,71.4,71.5,71.53,71.41,71.6,71.47,71.32,71.08,70.67,70.71
Gabon,63.9,64.04,64.59,64.78,64.97,65.46,65.8,66.19,66.31,66.6,66.53,65.82
United Kingdom,80.4,80.95,80.9,81.0,81.3,80.96,81.16,81.26,81.26,81.4,80.35,80.7
Georgia,72.13,72.39,72.41,72.63,73.1,73.3,73.57,73.57,73.34,73.47,72.76,71.69
Ghana,61.16,61.65,62.08,62.42,63.04,63.18,63.89,64.01,64.12,64.74,64.11,63.8
Gibraltar,80.96,81.87,83.37,80.55,81.88,80.43,81.7,81.83,82.15,82.36,82.2,79.33
Guinea,56.72,57.02,57.41,57.79,57.89,58.13,58.76,59.11,59.35,59.72,59.33,58.89
"Gambia, The",60.72,61.53,62.1,62.11,62.27,62.49,63.01,63.0,63.04,63.76,62.61,62.08
Guinea-Bissau,56.23,56.97,57.69,58.23,58.61,59.13,59.67,60.07,60.5,60.88,60.0,59.65
Equatorial Guinea,57.88,58.41,58.86,59.22,59.6,60.1,60.48,60.82,61.19,61.64,60.71,60.59
Greece,80.39,80.73,80.63,81.29,81.39,81.04,81.39,81.29,81.79,81.64,81.29,80.18
Grenada,75.0,75.3,75.04,75.12,74.98,75.01,74.76,74.76,74.81,74.86,74.92,74.94
Greenland,70.29,69.82,70.55,71.57,71.99,71.98,71.83,71.64,71.89,72.04,71.64,71.15
Guatemala,70.88,71.18,71.46,71.73,71.96,72.1,72.36,72.55,72.73,73.13,71.8,69.24
Guam,76.88,76.87,76.71,76.72,76.75,76.62,76.88,77.16,77.44,77.72,76.61,76.66
Guyana,66.74,66.98,67.23,67.47,67.88,68.2,68.38,68.67,68.9,69.12,68.49,65.67
High income,79.76,80.03,80.15,80.34,80.6,80.48,80.64,80.68,80.77,80.98,80.08,79.92
"Hong Kong SAR, China",82.98,83.42,83.48,83.83,83.98,84.28,84.23,84.68,84.93,85.18,85.5,85.49
Honduras,71.09,71.44,71.73,71.96,72.26,72.49,72.59,72.69,72.81,72.88,71.46,70.12
Heavily indebted poor countries (HIPC),58.58,59.48,60.08,60.64,61.15,61.61,62.16,62.55,62.95,63.34,62.76,62.3
Croatia,76.48,76.78,76.92,77.13,77.48,77.28,78.02,77.83,78.07,78.42,77.72,76.42
Haiti,46.02,61.62,62.29,62.6,62.99,63.24,63.39,63.85,64.02,64.26,64.05,63.19
Hungary,74.21,74.86,75.06,75.57,75.76,75.57,76.06,75.82,76.07,76.32,75.57,74.47
IBRD only,71.45,71.8,72.14,72.49,72.85,73.15,73.42,73.64,73.93,74.13,73.38,72.13
IDA & IBRD total,68.9,69.27,69.59,69.91,70.24,70.52,70.81,71.04,71.32,71.53,70.82,69.78
IDA total,60.91,61.46,61.78,62.11,62.42,62.75,63.17,63.54,63.88,64.21,63.75,63.4
IDA blend,59.08,59.46,59.65,59.96,60.13,60.36,60.56,60.88,61.08,61.33,61.01,60.68
Indonesia,68.68,68.82,68.97,69.26,69.53,69.7,69.8,69.94,70.34,70.52,68.81,67.57
IDA only,61.83,62.47,62.85,63.19,63.58,63.96,64.47,64.87,65.28,65.64,65.11,64.75
Isle of Man,78.98,79.19,79.34,79.47,80.04,78.9,80.31,80.46,80.6,80.74,80.59,80.53
India,66.91,67.36,67.89,68.46,69.07,69.64,70.12,70.47,70.71,70.91,70.15,67.24
Not classified,0.0,0.0,0.0,0.0,0.0,0.0,0.0,0.0,0.0,0.0,0.0,0.0
Ireland,80.74,80.75,80.85,80.95,81.35,81.45,81.65,82.16,82.2,82.7,82.56,82.1
"Iran, Islamic Rep.",73.07,73.68,74.19,74.45,74.78,75.12,75.6,75.97,76.19,76.1,74.83,73.88
Iraq,67.06,67.66,68.02,68.25,68.91,69.44,68.99,70.41,71.51,71.58,69.12,70.38
Iceland,81.9,82.36,82.92,82.06,82.86,82.47,82.2,82.66,82.86,83.16,83.06,83.12
Israel,81.6,81.66,81.7,82.06,82.15,82.05,82.41,82.55,82.8,82.8,82.65,82.5
Italy,82.04,82.19,82.24,82.69,83.09,82.54,83.24,82.95,83.35,83.5,82.2,82.8
Jamaica,72.62,73.09,73.43,73.41,72.98,72.39,72.02,71.91,71.79,71.77,71.87,70.5
Jordan,74.0,74.19,74.37,74.56,74.79,75.01,75.22,75.5,75.77,76.04,75.18,74.26
Japan,82.84,82.59,83.1,83.33,83.59,83.79,83.98,84.1,84.21,84.36,84.56,84.45
Kazakhstan,68.45,68.69,69.52,70.62,71.44,71.97,72.41,72.95,73.15,73.18,71.37,70.23
Kenya,60.65,61.05,61.12,61.39,61.82,61.89,62.16,62.48,62.68,62.94,62.68,61.43
Kyrgyz Republic,69.3,69.6,70.0,70.2,70.4,70.65,70.95,71.2,71.4,71.6,71.8,71.9
Cambodia,67.71,68.42,68.92,69.3,69.74,69.87,70.22,70.52,70.56,70.69,70.42,69.58
Kiribati,65.02,65.19,65.38,65.59,65.82,66.06,66.33,66.6,66.86,67.15,67.27,67.42
St. Kitts and Nevis,71.27,71.54,71.67,71.46,70.97,70.76,71.74,71.84,71.47,71.57,71.63,71.68
"Korea, Rep.",80.12,80.57,80.82,81.27,81.72,82.02,82.28,82.63,82.63,83.23,83.43,83.53
Kuwait,77.98,78.46,78.81,79.16,79.44,79.56,79.7,79.78,79.72,79.68,76.92,78.67
Latin America & Caribbean (excluding high income),73.18,73.69,73.94,74.19,74.43,74.47,74.47,74.64,74.77,74.96,72.84,71.91
Lao PDR,63.97,64.74,65.36,65.72,66.36,66.67,67.17,67.43,67.63,68.14,68.5,68.06
Lebanon,78.16,78.4,78.63,78.76,78.97,79.23,79.5,79.65,79.73,79.24,77.8,75.05
Liberia,59.43,59.62,59.91,59.94,59.12,59.15,60.42,60.55,60.85,61.1,60.95,60.75
Libya,72.37,70.07,72.25,72.34,71.51,71.7,71.76,72.48,72.79,72.46,72.47,71.91
St. Lucia,72.72,72.94,72.88,72.74,72.86,73.14,73.11,73.13,73.36,73.44,73.42,71.11
Latin America & Caribbean,73.39,73.87,74.1,74.35,74.55,74.61,74.58,74.73,74.85,75.04,73.04,72.15
Least developed countries: UN classification,60.97,61.69,62.26,62.7,63.12,63.5,64.02,64.41,64.82,65.16,64.63,64.22
Low income,59.73,60.3,60.56,60.93,61.31,61.7,62.21,62.62,63.0,63.42,62.95,62.5
Liechtenstein,81.84,81.79,82.38,82.26,82.07,82.66,82.26,83.75,83.04,84.16,81.66,84.4
Sri Lanka,73.22,73.38,73.91,74.24,74.65,74.93,75.33,75.4,75.75,76.01,76.39,76.4
Lower middle income,65.92,66.37,66.77,67.17,67.6,67.99,68.37,68.7,68.93,69.13,68.55,66.91
Low & middle income,68.8,69.17,69.49,69.82,70.15,70.44,70.73,70.97,71.25,71.46,70.76,69.72
Lesotho,45.6,46.69,47.84,49.0,50.03,51.1,52.26,53.06,53.73,54.17,54.69,53.06
Late-demographic dividend,74.62,74.95,75.23,75.52,75.79,76.01,76.26,76.4,76.77,76.99,76.72,76.34
Lithuania,73.27,73.56,73.86,73.91,74.52,74.32,74.67,75.48,75.68,76.28,74.98,74.34
Luxembourg,80.63,80.99,81.39,81.8,82.23,82.29,82.69,82.1,82.3,82.64,82.14,82.75
Latvia,73.48,73.58,73.78,73.98,74.12,74.48,74.58,74.63,74.78,75.39,75.19,73.28
"Macao SAR, China",83.11,83.23,83.33,83.73,83.88,83.98,84.23,84.56,84.93,84.98,85.18,85.4
St. Martin (French part),78.41,78.83,79.02,78.91,79.97,79.31,79.47,78.59,80.61,79.98,80.15,80.38
Morocco,70.83,71.27,71.68,72.12,72.54,72.92,73.28,73.66,73.99,74.27,73.92,74.04
Monaco,0.0,0.0,0.0,0.0,0.0,0.0,0.0,0.0,0.0,0.0,0.0,0.0
Moldova,69.36,69.19,69.14,69.1,69.03,69.24,69.92,70.52,70.49,70.94,70.17,68.85
Madagascar,62.87,63.49,63.54,63.96,64.26,64.34,65.0,65.09,65.27,65.88,65.18,64.48
Maldives,77.66,78.12,78.68,79.06,79.42,79.69,79.87,79.94,80.01,80.12,79.88,79.92
Middle East & North Africa,72.11,72.37,72.28,72.34,72.62,72.89,73.15,73.61,73.81,73.96,72.95,72.75
Mexico,74.19,74.36,74.57,74.74,74.8,74.68,74.41,74.14,74.02,74.2,70.13,70.21
Marshall Islands,63.23,63.26,63.37,63.46,63.62,63.83,64.06,64.27,64.5,64.75,64.98,65.27
Middle income,69.68,70.04,70.39,70.72,71.06,71.35,71.63,71.87,72.15,72.35,71.65,70.55
North Macedonia,75.0,75.1,74.9,75.4,75.45,75.4,75.4,75.95,76.65,76.6,74.4,74.54
Mali,56.38,56.76,57.08,57.36,57.9,58.36,58.73,59.13,59.39,59.66,58.63,58.94
Malta,81.4,80.75,80.75,81.75,82.05,81.9,82.45,82.35,82.45,82.86,82.35,82.86
Myanmar,63.33,63.9,64.14,64.82,65.06,65.56,65.68,65.84,66.46,66.61,66.8,65.67
Middle East & North Africa (excluding high income),71.28,71.52,71.38,71.41,71.7,71.99,72.26,72.77,72.98,73.14,72.17,71.9
Montenegro,75.99,75.98,76.2,76.49,76.44,76.45,76.44,76.49,76.84,76.68,75.93,73.82
Mongolia,67.18,67.44,68.11,68.58,69.05,69.5,69.86,70.24,71.2,71.82,72.14,70.97
Northern Mariana Islands,0.0,0.0,0.0,0.0,0.0,0.0,0.0,0.0,0.0,0.0,0.0,0.0
Mozambique,54.2,54.87,55.64,56.49,57.27,58.15,59.04,59.77,60.53,61.17,61.17,59.32
Mauritania,63.1,63.35,63.58,63.91,64.16,64.48,64.77,65.08,65.31,65.69,64.53,64.36
Mauritius,72.97,73.27,73.86,74.02,74.19,74.35,74.39,74.51,74.42,74.24,74.18,73.68
Malawi,56.38,57.46,58.68,59.73,60.9,61.38,62.21,62.98,63.28,64.12,63.72,62.9
Malaysia,74.44,74.75,74.94,75.04,75.15,75.09,75.29,75.48,75.64,75.76,75.94,74.88
North America,78.82,78.92,79.03,79.04,79.14,79.0,78.88,78.87,78.97,79.14,77.46,76.98
Namibia,56.02,56.55,57.64,58.69,59.82,60.7,61.68,62.29,62.59,63.08,62.83,59.27
New Caledonia,77.28,76.63,77.08,77.18,77.24,77.28,76.93,77.54,80.0,80.42,80.83,79.13
Niger,58.37,58.99,59.65,60.24,60.79,61.08,61.63,62.16,62.45,62.9,61.45,61.58
Nigeria,50.94,51.36,51.5,51.71,51.79,51.84,52.04,52.3,52.55,52.91,52.89,52.68
Nicaragua,72.01,72.42,72.61,72.7,72.81,72.98,73.26,73.55,73.85,74.05,71.8,73.84
Netherlands,80.7,81.2,81.1,81.3,81.71,81.51,81.56,81.76,81.81,82.11,81.36,81.46
Norway,81.0,81.3,81.45,81.75,82.1,82.3,82.41,82.61,82.76,82.96,83.21,83.16
Nepal,66.81,67.31,67.47,67.96,68.08,67.46,68.78,68.91,68.98,69.56,69.25,68.45
Nauru,59.64,60.24,60.72,61.23,61.81,62.27,62.7,62.99,63.23,63.48,63.44,63.62
New Zealand,80.9,81.16,81.41,81.4,81.46,81.61,81.66,81.86,81.71,82.06,82.26,82.21
OECD members,79.09,79.32,79.47,79.67,79.92,79.79,79.9,79.93,80.01,80.22,78.9,78.71
Oman,76.27,76.61,77.06,77.25,77.45,77.69,77.92,77.92,77.97,78.0,74.76,72.54
Other small states,64.55,65.08,65.63,66.21,66.71,67.29,67.91,68.38,68.5,68.77,68.26,66.99
Pakistan,64.44,64.65,64.78,65.15,65.28,65.7,65.88,66.3,66.48,66.76,66.27,66.1
Panama,76.45,76.63,76.82,77.04,77.25,77.47,77.65,77.8,77.86,77.81,76.66,76.22
Peru,73.71,74.13,74.54,74.97,75.33,75.62,75.79,75.88,76.01,76.16,73.67,72.38
Philippines,70.75,70.79,70.88,70.83,71.15,71.27,71.39,71.52,71.69,71.86,72.12,69.27
Palau,0.0,0.0,0.0,0.0,0.0,0.0,0.0,0.0,0.0,0.0,0.0,0.0
Papua New Guinea,63.04,63.53,63.73,63.96,64.26,64.7,64.84,65.1,65.18,65.47,65.79,65.35
Poland,76.25,76.7,76.75,77.0,77.6,77.45,77.85,77.75,77.6,77.9,76.5,75.6
Pre-demographic dividend,56.81,57.39,57.87,58.33,58.75,59.12,59.52,59.95,60.35,60.72,60.25,59.87
Puerto Rico,78.01,78.32,78.46,78.78,78.93,79.69,80.27,79.26,79.77,79.06,78.04,80.16
"Korea, Dem. People's Rep.",70.42,70.98,71.63,72.32,72.94,72.78,72.81,72.98,73.03,73.2,73.27,73.28
Portugal,79.03,80.47,80.37,80.72,81.12,81.12,81.12,81.42,81.32,81.68,80.98,81.07
Paraguay,71.89,72.13,72.45,72.76,72.88,73.19,73.53,73.64,73.57,73.62,73.18,70.26
West Bank and Gaza,73.0,73.24,73.47,74.03,72.62,74.41,74.55,74.83,74.79,75.24,74.4,73.47
Pacific island small states,68.4,68.53,68.6,68.63,68.64,68.56,68.83,69.12,69.21,69.29,69.36,69.16
Post-demographic dividend,79.69,79.95,80.08,80.26,80.52,80.38,80.54,80.58,80.67,80.9,80.0,79.8
French Polynesia,81.04,81.43,81.76,82.02,82.21,82.35,82.49,82.62,82.78,83.0,82.22,79.49
Qatar,78.42,78.89,79.23,79.54,79.77,80.06,80.43,80.72,80.9,80.99,79.1,79.27
Romania,73.46,74.41,74.41,75.06,74.91,74.91,75.21,75.31,75.36,75.61,74.25,72.96
Russian Federation,68.84,69.68,70.07,70.58,70.74,71.18,71.65,72.45,72.66,73.08,71.34,69.36
Rwanda,62.54,63.26,64.01,64.43,64.94,65.3,65.74,65.94,66.25,66.44,66.77,66.07
South Asia,66.75,67.14,67.63,68.12,68.64,69.14,69.61,69.98,70.25,70.47,69.75,67.58
Saudi Arabia,75.76,76.23,76.46,76.63,76.76,76.92,77.06,77.16,77.21,77.3,76.24,76.94
Sudan,63.02,63.25,63.79,63.68,64.27,64.66,64.78,65.44,65.68,65.88,65.61,65.27
Senegal,64.61,65.26,65.46,66.07,66.45,66.88,67.5,67.75,68.1,68.53,68.01,67.09
Singapore,81.54,81.74,82.0,82.25,82.5,82.74,82.85,83.1,83.3,83.6,84.47,83.44
Solomon Islands,68.73,68.91,69.08,69.19,69.23,69.58,69.8,69.99,70.17,70.38,70.2,70.35
Sierra Leone,53.69,54.62,55.45,56.31,56.39,57.19,58.4,58.65,59.8,60.26,59.76,60.06
El Salvador,71.85,71.86,71.83,71.77,71.75,71.81,72.03,72.31,72.56,72.56,71.06,70.75
San Marino,0.0,0.0,0.0,0.0,0.0,0.0,0.0,0.0,0.0,0.0,0.0,0.0
Somalia,50.56,51.3,53.16,53.84,54.28,54.86,55.04,55.65,56.38,57.08,55.97,55.28
Serbia,74.34,74.54,74.84,75.19,75.34,75.29,75.69,75.54,75.89,75.94,74.48,72.73
Sub-Saharan Africa (excluding high income),56.85,57.56,58.14,58.67,59.14,59.56,60.07,60.48,60.86,61.24,60.85,60.24
South Sudan,54.81,54.94,55.86,55.75,54.97,55.57,55.54,55.31,55.95,55.91,55.48,54.98
Sub-Saharan Africa,56.85,57.56,58.14,58.67,59.14,59.56,60.07,60.48,60.86,61.24,60.85,60.24
Small states,66.26,66.7,67.16,67.6,67.95,68.35,68.81,69.18,69.27,69.47,69.08,67.82
Sao Tome and Principe,65.25,64.9,65.75,66.33,66.84,67.25,67.49,68.27,68.36,68.52,67.78,67.59
Suriname,69.89,69.91,69.76,69.68,69.78,70.8,71.59,72.42,72.55,72.24,72.56,70.27
Slovak Republic,75.11,75.96,76.11,76.41,76.81,76.56,77.17,77.17,77.27,77.67,76.87,74.71
Slovenia,79.42,79.97,80.12,80.32,81.08,80.78,81.18,81.03,81.38,81.53,80.53,80.88
Sweden,81.45,81.8,81.7,81.96,82.25,82.2,82.31,82.41,82.56,83.11,82.36,83.16
Eswatini,46.62,48.2,49.84,51.49,53.05,55.02,56.66,57.9,59.41,60.55,59.69,57.07
Sint Maarten (Dutch part),75.13,74.68,74.61,74.92,76.77,76.95,76.6,75.03,75.13,75.44,74.58,73.97
Seychelles,73.2,72.72,74.28,73.12,73.23,74.3,74.31,74.3,72.84,74.05,77.24,73.4
Syrian Arab Republic,73.88,73.31,66.77,63.83,63.15,65.12,65.99,68.48,70.14,71.82,72.14,72.06
Turks and Caicos Islands,76.24,76.19,77.04,77.02,77.14,76.91,76.86,76.7,76.44,75.33,75.0,74.59
Chad,49.58,50.01,50.54,50.78,51.2,51.59,52.08,52.31,52.82,53.26,52.78,52.52
East Asia & Pacific (IDA & IBRD countries),73.92,74.19,74.43,74.67,74.93,75.15,75.35,75.42,75.84,76.04,75.97,75.57
Europe & Central Asia (IDA & IBRD countries),71.42,71.89,72.26,72.7,72.92,73.14,73.46,73.89,74.05,74.34,72.7,71.88
Togo,57.3,57.92,58.07,58.68,58.85,59.4,59.55,60.15,60.24,60.9,61.04,61.62
Thailand,76.13,76.42,76.77,77.08,77.42,77.72,78.05,78.39,78.66,78.97,79.27,78.72
Tajikistan,67.74,68.15,68.48,68.89,69.07,69.31,69.55,69.9,70.35,70.87,67.99,71.59
Turkmenistan,68.29,68.57,68.72,68.74,68.61,68.78,68.78,68.92,68.8,69.0,68.69,69.26
Latin America & the Caribbean (IDA & IBRD countries),73.27,73.76,74.0,74.25,74.46,74.52,74.49,74.66,74.78,74.97,72.93,72.07
Timor-Leste,65.3,65.7,66.08,66.44,66.79,67.14,67.45,67.74,68.02,68.27,68.47,67.74
Middle East & North Africa (IDA & IBRD countries),71.26,71.5,71.35,71.38,71.69,71.96,72.23,72.74,72.96,73.12,72.15,71.88
Tonga,70.32,70.38,70.44,70.5,70.54,70.61,70.66,70.71,70.78,70.87,70.93,70.99
South Asia (IDA & IBRD),66.75,67.14,67.63,68.12,68.64,69.14,69.61,69.98,70.25,70.47,69.75,67.58
Sub-Saharan Africa (IDA & IBRD countries),56.85,57.56,58.14,58.67,59.14,59.56,60.07,60.48,60.86,61.24,60.85,60.24
Trinidad and Tobago,72.72,73.28,73.72,73.96,74.22,74.5,74.28,74.23,73.8,74.23,74.41,72.97
Tunisia,75.42,75.46,75.55,75.65,75.65,75.69,75.79,75.84,75.95,75.99,75.29,73.77
Turkiye,75.07,74.94,75.68,76.3,76.56,76.65,76.66,77.14,77.56,77.83,75.85,76.03
Tuvalu,63.98,63.97,63.96,64.01,64.03,64.06,64.11,64.15,64.21,64.28,64.38,64.55
Tanzania,60.1,61.05,62.03,62.96,63.87,64.65,65.39,66.0,66.54,66.99,66.41,66.2
Uganda,57.06,57.96,58.82,59.76,60.41,61.09,61.65,62.12,62.71,62.99,62.85,62.7
Ukraine,70.27,70.81,70.94,71.16,71.19,71.19,71.48,71.78,71.58,71.83,71.19,69.65
Upper middle income,73.61,73.91,74.22,74.52,74.78,75.0,75.18,75.35,75.73,75.95,75.14,74.69
Uruguay,76.86,76.98,77.11,77.24,77.37,77.48,77.57,77.62,77.61,77.51,78.43,75.44
United States,78.54,78.64,78.74,78.74,78.84,78.69,78.54,78.54,78.64,78.79,76.98,76.33
Uzbekistan,69.24,69.65,69.87,69.99,70.23,70.47,70.76,71.01,71.15,71.34,70.33,70.86
St. Vincent and the Grenadines,74.72,74.6,74.15,73.8,74.47,74.41,74.28,74.31,74.13,72.83,72.13,69.63
"Venezuela, RB",72.89,72.91,73.04,73.2,72.85,73.01,72.06,71.94,71.98,72.16,71.1,70.55
British Virgin Islands,75.43,75.49,75.53,75.57,75.61,75.68,75.72,74.78,75.83,75.86,75.85,74.49
Virgin Islands (U.S.),77.87,78.32,78.52,78.72,78.87,79.02,79.17,79.37,79.52,79.67,79.82,80.07
Vietnam,73.51,73.69,73.7,73.78,73.86,73.88,73.94,73.96,73.98,74.09,75.38,73.62
Vanuatu,69.62,69.55,69.5,69.53,69.46,69.51,69.65,69.71,69.8,69.88,70.3,70.45
World,70.67,71.01,71.28,71.58,71.88,72.1,72.35,72.54,72.78,72.98,72.24,71.33
Samoa,72.25,72.26,72.17,72.39,72.46,72.52,72.54,72.59,72.64,72.16,72.77,72.77
Kosovo,77.63,77.74,78.28,78.59,78.88,78.92,78.98,78.78,78.7,79.02,76.57,76.81
"Yemen, Rep.",67.28,67.42,67.34,67.54,67.38,65.87,66.06,65.96,64.58,65.09,64.65,63.75
South Africa,58.9,60.65,61.85,62.53,63.38,63.95,64.75,65.4,65.67,66.18,65.25,62.34
Zambia,56.8,57.77,58.87,59.88,60.7,61.21,61.79,62.12,62.34,62.79,62.38,61.22
Zimbabwe,50.65,53.35,55.63,57.46,58.85,59.59,60.31,60.71,61.41,61.29,61.12,59.25
